{
    "faces":[33,0,1,3,2,0,0,0,0,33,2,3,7,6,1,1,1,1,33,6,7,5,4,2,2,2,2,33,1,0,4,5,3,3,3,3,33,4,0,2,6,4,4,4,4,33,7,3,1,5,5,5,5,5],
    "metadata":{
        "type":"Geometry",
        "generator":"io_three",
        "version":3,
        "normals":6,
        "faces":6,
        "uvs":0,
        "vertices":8
    },
    "normals":[-1,0,0,0,-2.98023e-08,-1,1,0,0,0,2.98023e-08,1,0,-1,2.98023e-08,0,1,-2.98023e-08],
    "uvs":[],
    "vertices":[-1,-1,1,-1,1,1,-1,-1,-1,-1,1,-1,1,-1,1,1,1,1,1,-1,-1,1,1,-1]
}