{
    "data":{
        "index":{
            "itemSize":1,
            "type":"Uint16Array",
            "array":[0,1,2,3,4,5,6,7,8,9,10,11,12,13,14,15,16,17,18,19,20,21,22,23,24,25,26,27,28,29,30,31,32,33,34,35,36,37,38,39,40,41,42,43,44,45,46,47,48,49,50,51,52,53,54,55,56,57,58,59,60,61,62,63,64,65,66,67,68,69,70,71,72,73,74,75,76,77,78,79,80,3,81,4,82,83,84,9,85,10,12,86,13,87,88,89,90,91,92,93,94,95,96,97,98,51,99,52,100,101,102,103,104,105,106,107,108,109,110,111,112,113,114,115,116,117,118,119,120,121,122,123]
        },
        "attributes":{
            "uv":{
                "itemSize":2,
                "type":"Float32Array",
                "array":[0.48706,0.607161,0.597751,0.374279,0.597752,0.625721,0.625793,0.573463,0.618762,0.474701,0.625793,0.474701,0.484841,0.392839,0.374149,0.625721,0.374149,0.374279,0.60706,0.625938,0.600029,0.374062,0.60706,0.374062,0.609396,0.374101,0.616426,0.588077,0.609396,0.588077,0.600029,0.625938,0.600033,0.626961,0.598861,0.625689,0.60706,0.625938,0.608228,0.625689,0.607063,0.626961,0.616426,0.588077,0.617594,0.588285,0.61643,0.589139,0.484841,0.607161,0.48595,0.606988,0.484863,0.608232,0.600029,0.374062,0.598861,0.374311,0.600033,0.373039,0.374149,0.374279,0.373039,0.374062,0.37412,0.37322,0.618762,0.474701,0.617594,0.474512,0.618762,0.473734,0.484841,0.392839,0.484863,0.391768,0.48595,0.393012,0.60706,0.625938,0.600033,0.626961,0.600029,0.625938,0.374149,0.625721,0.484863,0.608232,0.37412,0.62678,0.616426,0.588077,0.6094,0.589139,0.609396,0.588077,0.597752,0.625721,0.487031,0.608231,0.48706,0.607161,0.484841,0.392839,0.48595,0.606988,0.484841,0.607161,0.625793,0.474701,0.618762,0.473734,0.625793,0.473734,0.48706,0.607161,0.48595,0.393012,0.48706,0.392839,0.374149,0.374279,0.484863,0.391768,0.484841,0.392839,0.60706,0.374062,0.600033,0.373039,0.607063,0.373039,0.597751,0.374279,0.487031,0.391769,0.597774,0.373221,0.374149,0.625721,0.373039,0.374062,0.374149,0.374279,0.597751,0.374279,0.600029,0.625938,0.597752,0.625721,0.625793,0.374006,0.618762,0.472768,0.618762,0.374006,0.48706,0.607161,0.48706,0.392839,0.597751,0.374279,0.618762,0.573463,0.484841,0.392839,0.484841,0.607161,0.374149,0.625721,0.600029,0.625938,0.616426,0.374101,0.60706,0.625938,0.607063,0.626961,0.600033,0.626961,0.374149,0.625721,0.484841,0.607161,0.484863,0.608232,0.616426,0.588077,0.61643,0.589139,0.6094,0.589139,0.597752,0.625721,0.597774,0.626779,0.487031,0.608231,0.48595,0.393012,0.625793,0.474701,0.618762,0.474701,0.618762,0.473734,0.48706,0.607161,0.48595,0.606988,0.48595,0.393012,0.374149,0.374279,0.37412,0.37322,0.484863,0.391768,0.60706,0.374062,0.600029,0.374062,0.600033,0.373039,0.597751,0.374279,0.48706,0.392839,0.487031,0.391769,0.374149,0.625721,0.373039,0.625938,0.373039,0.374062,0.597751,0.374279,0.600029,0.374062,0.600029,0.625938,0.625793,0.374006,0.625793,0.472768,0.618762,0.472768]
            },
            "position":{
                "itemSize":3,
                "type":"Float32Array",
                "array":[-0.706846,0.481142,-3.23358,0.859855,0.436983,-2.53667,-0.859855,0.436983,-2.53667,0.867057,0.387953,-2.53978,0.713977,0.474167,-3.23421,0.713977,0.432133,-3.23701,0.706846,0.425138,-3.23731,-0.859855,0.380979,-2.54041,0.859855,0.380979,-2.54041,-0.861555,0.387521,-2.53295,0.861555,0.429555,-2.53015,0.861555,0.387521,-2.53295,0.705478,0.432565,-3.24383,-0.705478,0.4746,-3.24103,-0.705478,0.432565,-3.24383,-0.861555,0.429555,-2.53015,-0.867057,0.429988,-2.53697,-0.859855,0.436983,-2.53667,-0.861555,0.387521,-2.53295,-0.859855,0.380979,-2.54041,-0.867057,0.387953,-2.53978,-0.705478,0.4746,-3.24103,-0.706846,0.481142,-3.23358,-0.713977,0.474167,-3.23421,-0.706846,0.425138,-3.23731,-0.705478,0.432565,-3.24383,-0.713977,0.432133,-3.23701,0.861555,0.429555,-2.53015,0.859855,0.436983,-2.53667,0.867057,0.429988,-2.53697,0.859855,0.380979,-2.54041,0.861555,0.387521,-2.53295,0.867057,0.387953,-2.53978,0.713977,0.474167,-3.23421,0.706846,0.481142,-3.23358,0.705478,0.4746,-3.24103,0.706846,0.425138,-3.23731,0.713977,0.432133,-3.23701,0.705478,0.432565,-3.24383,-0.861555,0.387521,-2.53295,-0.867057,0.429988,-2.53697,-0.861555,0.429555,-2.53015,-0.859855,0.380979,-2.54041,-0.713977,0.432133,-3.23701,-0.867057,0.387953,-2.53978,-0.705478,0.4746,-3.24103,-0.713977,0.432133,-3.23701,-0.705478,0.432565,-3.24383,-0.859855,0.436983,-2.53667,-0.713977,0.474167,-3.23421,-0.706846,0.481142,-3.23358,0.706846,0.425138,-3.23731,-0.705478,0.432565,-3.24383,-0.706846,0.425138,-3.23731,0.713977,0.432133,-3.23701,0.705478,0.4746,-3.24103,0.705478,0.432565,-3.24383,-0.706846,0.481142,-3.23358,0.705478,0.4746,-3.24103,0.706846,0.481142,-3.23358,0.859855,0.380979,-2.54041,0.713977,0.432133,-3.23701,0.706846,0.425138,-3.23731,0.861555,0.387521,-2.53295,0.867057,0.429988,-2.53697,0.867057,0.387953,-2.53978,0.859855,0.436983,-2.53667,0.713977,0.474167,-3.23421,0.867057,0.429988,-2.53697,-0.859855,0.380979,-2.54041,0.861555,0.387521,-2.53295,0.859855,0.380979,-2.54041,0.859855,0.436983,-2.53667,-0.861555,0.429555,-2.53015,-0.859855,0.436983,-2.53667,-0.867057,0.387953,-2.53978,-0.713977,0.474167,-3.23421,-0.867057,0.429988,-2.53697,-0.706846,0.481142,-3.23358,0.706846,0.481142,-3.23358,0.859855,0.436983,-2.53667,0.867057,0.429988,-2.53697,0.706846,0.425138,-3.23731,-0.706846,0.425138,-3.23731,-0.859855,0.380979,-2.54041,-0.861555,0.429555,-2.53015,0.705478,0.4746,-3.24103,-0.861555,0.387521,-2.53295,-0.867057,0.387953,-2.53978,-0.867057,0.429988,-2.53697,-0.859855,0.380979,-2.54041,-0.706846,0.425138,-3.23731,-0.713977,0.432133,-3.23701,-0.705478,0.4746,-3.24103,-0.713977,0.474167,-3.23421,-0.713977,0.432133,-3.23701,-0.859855,0.436983,-2.53667,-0.867057,0.429988,-2.53697,-0.713977,0.474167,-3.23421,0.705478,0.432565,-3.24383,0.713977,0.432133,-3.23701,0.713977,0.474167,-3.23421,0.705478,0.4746,-3.24103,-0.706846,0.481142,-3.23358,-0.705478,0.4746,-3.24103,0.705478,0.4746,-3.24103,0.859855,0.380979,-2.54041,0.867057,0.387953,-2.53978,0.713977,0.432133,-3.23701,0.861555,0.387521,-2.53295,0.861555,0.429555,-2.53015,0.867057,0.429988,-2.53697,0.859855,0.436983,-2.53667,0.706846,0.481142,-3.23358,0.713977,0.474167,-3.23421,-0.859855,0.380979,-2.54041,-0.861555,0.387521,-2.53295,0.861555,0.387521,-2.53295,0.859855,0.436983,-2.53667,0.861555,0.429555,-2.53015,-0.861555,0.429555,-2.53015,-0.867057,0.387953,-2.53978,-0.713977,0.432133,-3.23701,-0.713977,0.474167,-3.23421]
            },
            "normal":{
                "itemSize":3,
                "type":"Float32Array",